date,machine_id,location,product_name,stock_added,units_consumed,stock_remaining,day_of_week,month,notes
2026-01-01,Machine_1_CityMall,"City Mall, Main Street",Lays Classic Chips,0,4,56,Thursday,January,
2026-01-01,Machine_1_CityMall,"City Mall, Main Street",Kurkure Masala,0,3,47,Thursday,January,
2026-01-01,Machine_1_CityMall,"City Mall, Main Street",Pepsi 250ml,0,6,66,Thursday,January,
2026-01-01,Machine_1_CityMall,"City Mall, Main Street",Sprite 250ml,0,5,55,Thursday,January,
2026-01-01,Machine_1_CityMall,"City Mall, Main Street",KitKat Chocolate,0,2,38,Thursday,January,
2026-01-01,Machine_1_CityMall,"City Mall, Main Street",Mineral Water 500ml,0,6,74,Thursday,January,
2026-01-02,Machine_1_CityMall,"City Mall, Main Street",Lays Classic Chips,0,5,51,Friday,January,
2026-01-02,Machine_1_CityMall,"City Mall, Main Street",Kurkure Masala,0,3,44,Friday,January,
2026-01-02,Machine_1_CityMall,"City Mall, Main Street",Pepsi 250ml,0,5,61,Friday,January,
2026-01-02,Machine_1_CityMall,"City Mall, Main Street",Sprite 250ml,0,4,51,Friday,January,
2026-01-02,Machine_1_CityMall,"City Mall, Main Street",KitKat Chocolate,0,2,36,Friday,January,
2026-01-02,Machine_1_CityMall,"City Mall, Main Street",Mineral Water 500ml,0,6,68,Friday,January,
2026-01-03,Machine_1_CityMall,"City Mall, Main Street",Lays Classic Chips,0,5,46,Saturday,January,
2026-01-03,Machine_1_CityMall,"City Mall, Main Street",Kurkure Masala,0,3,41,Saturday,January,
2026-01-03,Machine_1_CityMall,"City Mall, Main Street",Pepsi 250ml,0,5,56,Saturday,January,
2026-01-03,Machine_1_CityMall,"City Mall, Main Street",Sprite 250ml,0,5,46,Saturday,January,
2026-01-03,Machine_1_CityMall,"City Mall, Main Street",KitKat Chocolate,0,3,33,Saturday,January,
2026-01-03,Machine_1_CityMall,"City Mall, Main Street",Mineral Water 500ml,0,9,59,Saturday,January,
2026-01-04,Machine_1_CityMall,"City Mall, Main Street",Lays Classic Chips,0,4,42,Sunday,January,
2026-01-04,Machine_1_CityMall,"City Mall, Main Street",Kurkure Masala,0,3,38,Sunday,January,
2026-01-04,Machine_1_CityMall,"City Mall, Main Street",Pepsi 250ml,0,8,48,Sunday,January,
2026-01-04,Machine_1_CityMall,"City Mall, Main Street",Sprite 250ml,0,5,41,Sunday,January,
2026-01-04,Machine_1_CityMall,"City Mall, Main Street",KitKat Chocolate,0,3,30,Sunday,January,
2026-01-04,Machine_1_CityMall,"City Mall, Main Street",Mineral Water 500ml,0,7,52,Sunday,January,
2026-01-05,Machine_1_CityMall,"City Mall, Main Street",Lays Classic Chips,0,3,39,Monday,January,
2026-01-05,Machine_1_CityMall,"City Mall, Main Street",Kurkure Masala,0,3,35,Monday,January,
2026-01-05,Machine_1_CityMall,"City Mall, Main Street",Pepsi 250ml,0,4,44,Monday,January,
2026-01-05,Machine_1_CityMall,"City Mall, Main Street",Sprite 250ml,0,4,37,Monday,January,
2026-01-05,Machine_1_CityMall,"City Mall, Main Street",KitKat Chocolate,0,2,28,Monday,January,
2026-01-05,Machine_1_CityMall,"City Mall, Main Street",Mineral Water 500ml,0,6,46,Monday,January,
2026-01-06,Machine_1_CityMall,"City Mall, Main Street",Lays Classic Chips,0,3,36,Tuesday,January,
2026-01-06,Machine_1_CityMall,"City Mall, Main Street",Kurkure Masala,0,4,31,Tuesday,January,
2026-01-06,Machine_1_CityMall,"City Mall, Main Street",Pepsi 250ml,0,5,39,Tuesday,January,
2026-01-06,Machine_1_CityMall,"City Mall, Main Street",Sprite 250ml,0,3,34,Tuesday,January,
2026-01-06,Machine_1_CityMall,"City Mall, Main Street",KitKat Chocolate,0,3,25,Tuesday,January,
2026-01-06,Machine_1_CityMall,"City Mall, Main Street",Mineral Water 500ml,0,5,41,Tuesday,January,
2026-01-07,Machine_1_CityMall,"City Mall, Main Street",Lays Classic Chips,0,4,32,Wednesday,January,
2026-01-07,Machine_1_CityMall,"City Mall, Main Street",Kurkure Masala,0,2,29,Wednesday,January,
2026-01-07,Machine_1_CityMall,"City Mall, Main Street",Pepsi 250ml,0,4,35,Wednesday,January,
2026-01-07,Machine_1_CityMall,"City Mall, Main Street",Sprite 250ml,0,4,30,Wednesday,January,
2026-01-07,Machine_1_CityMall,"City Mall, Main Street",KitKat Chocolate,0,3,22,Wednesday,January,
2026-01-07,Machine_1_CityMall,"City Mall, Main Street",Mineral Water 500ml,0,7,34,Wednesday,January,
2026-01-08,Machine_1_CityMall,"City Mall, Main Street",Lays Classic Chips,0,3,29,Thursday,January,
2026-01-08,Machine_1_CityMall,"City Mall, Main Street",Kurkure Masala,0,3,26,Thursday,January,
2026-01-08,Machine_1_CityMall,"City Mall, Main Street",Pepsi 250ml,0,4,31,Thursday,January,
2026-01-08,Machine_1_CityMall,"City Mall, Main Street",Sprite 250ml,0,4,26,Thursday,January,
2026-01-08,Machine_1_CityMall,"City Mall, Main Street",KitKat Chocolate,0,2,20,Thursday,January,
2026-01-08,Machine_1_CityMall,"City Mall, Main Street",Mineral Water 500ml,0,8,26,Thursday,January,
2026-01-09,Machine_1_CityMall,"City Mall, Main Street",Lays Classic Chips,0,4,25,Friday,January,
2026-01-09,Machine_1_CityMall,"City Mall, Main Street",Kurkure Masala,0,2,24,Friday,January,
2026-01-09,Machine_1_CityMall,"City Mall, Main Street",Pepsi 250ml,0,5,26,Friday,January,
2026-01-09,Machine_1_CityMall,"City Mall, Main Street",Sprite 250ml,0,4,22,Friday,January,
2026-01-09,Machine_1_CityMall,"City Mall, Main Street",KitKat Chocolate,0,2,18,Friday,January,
2026-01-09,Machine_1_CityMall,"City Mall, Main Street",Mineral Water 500ml,0,7,19,Friday,January,
2026-01-10,Machine_1_CityMall,"City Mall, Main Street",Lays Classic Chips,0,5,20,Saturday,January,
2026-01-10,Machine_1_CityMall,"City Mall, Main Street",Kurkure Masala,0,4,20,Saturday,January,
2026-01-10,Machine_1_CityMall,"City Mall, Main Street",Pepsi 250ml,0,6,20,Saturday,January,
2026-01-10,Machine_1_CityMall,"City Mall, Main Street",Sprite 250ml,0,5,17,Saturday,January,
2026-01-10,Machine_1_CityMall,"City Mall, Main Street",KitKat Chocolate,0,3,15,Saturday,January,
2026-01-10,Machine_1_CityMall,"City Mall, Main Street",Mineral Water 500ml,0,9,10,Saturday,January,
2026-01-11,Machine_1_CityMall,"City Mall, Main Street",Lays Classic Chips,0,4,16,Sunday,January,
2026-01-11,Machine_1_CityMall,"City Mall, Main Street",Kurkure Masala,0,4,16,Sunday,January,
2026-01-11,Machine_1_CityMall,"City Mall, Main Street",Pepsi 250ml,0,6,14,Sunday,January,
2026-01-11,Machine_1_CityMall,"City Mall, Main Street",Sprite 250ml,0,4,13,Sunday,January,
2026-01-11,Machine_1_CityMall,"City Mall, Main Street",KitKat Chocolate,0,3,12,Sunday,January,
2026-01-11,Machine_1_CityMall,"City Mall, Main Street",Mineral Water 500ml,80,10,80,Sunday,January,Restocked
2026-01-12,Machine_1_CityMall,"City Mall, Main Street",Lays Classic Chips,0,4,12,Monday,January,
2026-01-12,Machine_1_CityMall,"City Mall, Main Street",Kurkure Masala,0,4,12,Monday,January,
2026-01-12,Machine_1_CityMall,"City Mall, Main Street",Pepsi 250ml,0,5,9,Monday,January,
2026-01-12,Machine_1_CityMall,"City Mall, Main Street",Sprite 250ml,0,4,9,Monday,January,
2026-01-12,Machine_1_CityMall,"City Mall, Main Street",KitKat Chocolate,0,3,9,Monday,January,
2026-01-12,Machine_1_CityMall,"City Mall, Main Street",Mineral Water 500ml,0,8,72,Monday,January,
2026-01-13,Machine_1_CityMall,"City Mall, Main Street",Lays Classic Chips,0,4,8,Tuesday,January,
2026-01-13,Machine_1_CityMall,"City Mall, Main Street",Kurkure Masala,0,4,8,Tuesday,January,
2026-01-13,Machine_1_CityMall,"City Mall, Main Street",Pepsi 250ml,72,3,78,Tuesday,January,Restocked
2026-01-13,Machine_1_CityMall,"City Mall, Main Street",Sprite 250ml,60,5,64,Tuesday,January,Restocked
2026-01-13,Machine_1_CityMall,"City Mall, Main Street",KitKat Chocolate,0,2,7,Tuesday,January,
2026-01-13,Machine_1_CityMall,"City Mall, Main Street",Mineral Water 500ml,0,6,66,Tuesday,January,
2026-01-14,Machine_1_CityMall,"City Mall, Main Street",Lays Classic Chips,60,4,64,Wednesday,January,Restocked
2026-01-14,Machine_1_CityMall,"City Mall, Main Street",Kurkure Masala,0,2,6,Wednesday,January,
2026-01-14,Machine_1_CityMall,"City Mall, Main Street",Pepsi 250ml,0,5,73,Wednesday,January,
2026-01-14,Machine_1_CityMall,"City Mall, Main Street",Sprite 250ml,0,4,60,Wednesday,January,
2026-01-14,Machine_1_CityMall,"City Mall, Main Street",KitKat Chocolate,40,3,44,Wednesday,January,Restocked
2026-01-14,Machine_1_CityMall,"City Mall, Main Street",Mineral Water 500ml,0,6,60,Wednesday,January,
2026-01-15,Machine_1_CityMall,"City Mall, Main Street",Lays Classic Chips,0,3,61,Thursday,January,
2026-01-15,Machine_1_CityMall,"City Mall, Main Street",Kurkure Masala,50,3,53,Thursday,January,Restocked
2026-01-15,Machine_1_CityMall,"City Mall, Main Street",Pepsi 250ml,0,6,67,Thursday,January,
2026-01-15,Machine_1_CityMall,"City Mall, Main Street",Sprite 250ml,0,4,56,Thursday,January,
2026-01-15,Machine_1_CityMall,"City Mall, Main Street",KitKat Chocolate,0,2,42,Thursday,January,
2026-01-15,Machine_1_CityMall,"City Mall, Main Street",Mineral Water 500ml,0,7,53,Thursday,January,
2026-01-16,Machine_1_CityMall,"City Mall, Main Street",Lays Classic Chips,0,4,57,Friday,January,
2026-01-16,Machine_1_CityMall,"City Mall, Main Street",Kurkure Masala,0,3,50,Friday,January,
2026-01-16,Machine_1_CityMall,"City Mall, Main Street",Pepsi 250ml,0,4,63,Friday,January,
2026-01-16,Machine_1_CityMall,"City Mall, Main Street",Sprite 250ml,0,4,52,Friday,January,
2026-01-16,Machine_1_CityMall,"City Mall, Main Street",KitKat Chocolate,0,2,40,Friday,January,
2026-01-16,Machine_1_CityMall,"City Mall, Main Street",Mineral Water 500ml,0,5,48,Friday,January,
2026-01-17,Machine_1_CityMall,"City Mall, Main Street",Lays Classic Chips,0,5,52,Saturday,January,
2026-01-17,Machine_1_CityMall,"City Mall, Main Street",Kurkure Masala,0,4,46,Saturday,January,
2026-01-17,Machine_1_CityMall,"City Mall, Main Street",Pepsi 250ml,0,7,56,Saturday,January,
2026-01-17,Machine_1_CityMall,"City Mall, Main Street",Sprite 250ml,0,5,47,Saturday,January,
2026-01-17,Machine_1_CityMall,"City Mall, Main Street",KitKat Chocolate,0,2,38,Saturday,January,
2026-01-17,Machine_1_CityMall,"City Mall, Main Street",Mineral Water 500ml,0,8,40,Saturday,January,
2026-01-18,Machine_1_CityMall,"City Mall, Main Street",Lays Classic Chips,0,4,48,Sunday,January,
2026-01-18,Machine_1_CityMall,"City Mall, Main Street",Kurkure Masala,0,3,43,Sunday,January,
2026-01-18,Machine_1_CityMall,"City Mall, Main Street",Pepsi 250ml,0,6,50,Sunday,January,
2026-01-18,Machine_1_CityMall,"City Mall, Main Street",Sprite 250ml,0,6,41,Sunday,January,
2026-01-18,Machine_1_CityMall,"City Mall, Main Street",KitKat Chocolate,0,4,34,Sunday,January,
2026-01-18,Machine_1_CityMall,"City Mall, Main Street",Mineral Water 500ml,0,8,32,Sunday,January,
2026-01-19,Machine_1_CityMall,"City Mall, Main Street",Lays Classic Chips,0,4,44,Monday,January,
2026-01-19,Machine_1_CityMall,"City Mall, Main Street",Kurkure Masala,0,3,40,Monday,January,
2026-01-19,Machine_1_CityMall,"City Mall, Main Street",Pepsi 250ml,0,3,47,Monday,January,
2026-01-19,Machine_1_CityMall,"City Mall, Main Street",Sprite 250ml,0,4,37,Monday,January,
2026-01-19,Machine_1_CityMall,"City Mall, Main Street",KitKat Chocolate,0,2,32,Monday,January,
2026-01-19,Machine_1_CityMall,"City Mall, Main Street",Mineral Water 500ml,0,9,23,Monday,January,
2026-01-20,Machine_1_CityMall,"City Mall, Main Street",Lays Classic Chips,0,3,41,Tuesday,January,
2026-01-20,Machine_1_CityMall,"City Mall, Main Street",Kurkure Masala,0,3,37,Tuesday,January,
2026-01-20,Machine_1_CityMall,"City Mall, Main Street",Pepsi 250ml,0,5,42,Tuesday,January,
2026-01-20,Machine_1_CityMall,"City Mall, Main Street",Sprite 250ml,0,3,34,Tuesday,January,
2026-01-20,Machine_1_CityMall,"City Mall, Main Street",KitKat Chocolate,0,3,29,Tuesday,January,
2026-01-20,Machine_1_CityMall,"City Mall, Main Street",Mineral Water 500ml,0,7,16,Tuesday,January,
2026-01-21,Machine_1_CityMall,"City Mall, Main Street",Lays Classic Chips,0,4,37,Wednesday,January,
2026-01-21,Machine_1_CityMall,"City Mall, Main Street",Kurkure Masala,0,2,35,Wednesday,January,
2026-01-21,Machine_1_CityMall,"City Mall, Main Street",Pepsi 250ml,0,6,36,Wednesday,January,
2026-01-21,Machine_1_CityMall,"City Mall, Main Street",Sprite 250ml,0,3,31,Wednesday,January,
2026-01-21,Machine_1_CityMall,"City Mall, Main Street",KitKat Chocolate,0,3,26,Wednesday,January,
2026-01-21,Machine_1_CityMall,"City Mall, Main Street",Mineral Water 500ml,80,9,87,Wednesday,January,Restocked
2026-01-22,Machine_1_CityMall,"City Mall, Main Street",Lays Classic Chips,0,3,34,Thursday,January,
2026-01-22,Machine_1_CityMall,"City Mall, Main Street",Kurkure Masala,0,3,32,Thursday,January,
2026-01-22,Machine_1_CityMall,"City Mall, Main Street",Pepsi 250ml,0,5,31,Thursday,January,
2026-01-22,Machine_1_CityMall,"City Mall, Main Street",Sprite 250ml,0,4,27,Thursday,January,
2026-01-22,Machine_1_CityMall,"City Mall, Main Street",KitKat Chocolate,0,2,24,Thursday,January,
2026-01-22,Machine_1_CityMall,"City Mall, Main Street",Mineral Water 500ml,0,6,81,Thursday,January,
2026-01-23,Machine_1_CityMall,"City Mall, Main Street",Lays Classic Chips,0,3,31,Friday,January,
2026-01-23,Machine_1_CityMall,"City Mall, Main Street",Kurkure Masala,0,3,29,Friday,January,
2026-01-23,Machine_1_CityMall,"City Mall, Main Street",Pepsi 250ml,0,4,27,Friday,January,
2026-01-23,Machine_1_CityMall,"City Mall, Main Street",Sprite 250ml,0,5,22,Friday,January,
2026-01-23,Machine_1_CityMall,"City Mall, Main Street",KitKat Chocolate,0,2,22,Friday,January,
2026-01-23,Machine_1_CityMall,"City Mall, Main Street",Mineral Water 500ml,0,6,75,Friday,January,
2026-01-24,Machine_1_CityMall,"City Mall, Main Street",Lays Classic Chips,0,5,26,Saturday,January,
2026-01-24,Machine_1_CityMall,"City Mall, Main Street",Kurkure Masala,0,3,26,Saturday,January,
2026-01-24,Machine_1_CityMall,"City Mall, Main Street",Pepsi 250ml,0,7,20,Saturday,January,
2026-01-24,Machine_1_CityMall,"City Mall, Main Street",Sprite 250ml,0,6,16,Saturday,January,
2026-01-24,Machine_1_CityMall,"City Mall, Main Street",KitKat Chocolate,0,2,20,Saturday,January,
2026-01-24,Machine_1_CityMall,"City Mall, Main Street",Mineral Water 500ml,0,8,67,Saturday,January,
2026-01-25,Machine_1_CityMall,"City Mall, Main Street",Lays Classic Chips,0,5,21,Sunday,January,
2026-01-25,Machine_1_CityMall,"City Mall, Main Street",Kurkure Masala,0,4,22,Sunday,January,
2026-01-25,Machine_1_CityMall,"City Mall, Main Street",Pepsi 250ml,0,6,14,Sunday,January,
2026-01-25,Machine_1_CityMall,"City Mall, Main Street",Sprite 250ml,0,4,12,Sunday,January,
2026-01-25,Machine_1_CityMall,"City Mall, Main Street",KitKat Chocolate,0,3,17,Sunday,January,
2026-01-25,Machine_1_CityMall,"City Mall, Main Street",Mineral Water 500ml,0,9,58,Sunday,January,
2026-01-26,Machine_1_CityMall,"City Mall, Main Street",Lays Classic Chips,0,4,17,Monday,January,
2026-01-26,Machine_1_CityMall,"City Mall, Main Street",Kurkure Masala,0,3,19,Monday,January,
2026-01-26,Machine_1_CityMall,"City Mall, Main Street",Pepsi 250ml,0,4,10,Monday,January,
2026-01-26,Machine_1_CityMall,"City Mall, Main Street",Sprite 250ml,0,4,8,Monday,January,
2026-01-26,Machine_1_CityMall,"City Mall, Main Street",KitKat Chocolate,0,3,14,Monday,January,
2026-01-26,Machine_1_CityMall,"City Mall, Main Street",Mineral Water 500ml,0,6,52,Monday,January,
2026-01-27,Machine_1_CityMall,"City Mall, Main Street",Lays Classic Chips,0,5,12,Tuesday,January,
2026-01-27,Machine_1_CityMall,"City Mall, Main Street",Kurkure Masala,0,3,16,Tuesday,January,
2026-01-27,Machine_1_CityMall,"City Mall, Main Street",Pepsi 250ml,72,4,78,Tuesday,January,Restocked
2026-01-27,Machine_1_CityMall,"City Mall, Main Street",Sprite 250ml,60,5,63,Tuesday,January,Restocked
2026-01-27,Machine_1_CityMall,"City Mall, Main Street",KitKat Chocolate,0,2,12,Tuesday,January,
2026-01-27,Machine_1_CityMall,"City Mall, Main Street",Mineral Water 500ml,0,7,45,Tuesday,January,
2026-01-28,Machine_1_CityMall,"City Mall, Main Street",Lays Classic Chips,0,4,8,Wednesday,January,
2026-01-28,Machine_1_CityMall,"City Mall, Main Street",Kurkure Masala,0,3,13,Wednesday,January,
2026-01-28,Machine_1_CityMall,"City Mall, Main Street",Pepsi 250ml,0,6,72,Wednesday,January,
2026-01-28,Machine_1_CityMall,"City Mall, Main Street",Sprite 250ml,0,4,59,Wednesday,January,
2026-01-28,Machine_1_CityMall,"City Mall, Main Street",KitKat Chocolate,0,3,9,Wednesday,January,
2026-01-28,Machine_1_CityMall,"City Mall, Main Street",Mineral Water 500ml,0,9,36,Wednesday,January,
2026-01-29,Machine_1_CityMall,"City Mall, Main Street",Lays Classic Chips,60,3,65,Thursday,January,Restocked
2026-01-29,Machine_1_CityMall,"City Mall, Main Street",Kurkure Masala,0,3,10,Thursday,January,
2026-01-29,Machine_1_CityMall,"City Mall, Main Street",Pepsi 250ml,0,4,68,Thursday,January,
2026-01-29,Machine_1_CityMall,"City Mall, Main Street",Sprite 250ml,0,3,56,Thursday,January,
2026-01-29,Machine_1_CityMall,"City Mall, Main Street",KitKat Chocolate,0,2,7,Thursday,January,
2026-01-29,Machine_1_CityMall,"City Mall, Main Street",Mineral Water 500ml,0,7,29,Thursday,January,
2026-01-30,Machine_1_CityMall,"City Mall, Main Street",Lays Classic Chips,0,4,61,Friday,January,
2026-01-30,Machine_1_CityMall,"City Mall, Main Street",Kurkure Masala,0,3,7,Friday,January,
2026-01-30,Machine_1_CityMall,"City Mall, Main Street",Pepsi 250ml,0,5,63,Friday,January,
2026-01-30,Machine_1_CityMall,"City Mall, Main Street",Sprite 250ml,0,5,51,Friday,January,
2026-01-30,Machine_1_CityMall,"City Mall, Main Street",KitKat Chocolate,40,2,45,Friday,January,Restocked
2026-01-30,Machine_1_CityMall,"City Mall, Main Street",Mineral Water 500ml,0,9,20,Friday,January,
2026-01-31,Machine_1_CityMall,"City Mall, Main Street",Lays Classic Chips,0,5,56,Saturday,January,
2026-01-31,Machine_1_CityMall,"City Mall, Main Street",Kurkure Masala,50,3,54,Saturday,January,Restocked
2026-01-31,Machine_1_CityMall,"City Mall, Main Street",Pepsi 250ml,0,6,57,Saturday,January,
2026-01-31,Machine_1_CityMall,"City Mall, Main Street",Sprite 250ml,0,6,45,Saturday,January,
2026-01-31,Machine_1_CityMall,"City Mall, Main Street",KitKat Chocolate,0,3,42,Saturday,January,
2026-01-31,Machine_1_CityMall,"City Mall, Main Street",Mineral Water 500ml,0,9,11,Saturday,January,
2026-02-01,Machine_1_CityMall,"City Mall, Main Street",Lays Classic Chips,0,5,51,Sunday,February,
2026-02-01,Machine_1_CityMall,"City Mall, Main Street",Kurkure Masala,0,4,50,Sunday,February,
2026-02-01,Machine_1_CityMall,"City Mall, Main Street",Pepsi 250ml,0,6,51,Sunday,February,
2026-02-01,Machine_1_CityMall,"City Mall, Main Street",Sprite 250ml,0,5,40,Sunday,February,
2026-02-01,Machine_1_CityMall,"City Mall, Main Street",KitKat Chocolate,0,3,39,Sunday,February,
2026-02-01,Machine_1_CityMall,"City Mall, Main Street",Mineral Water 500ml,80,10,81,Sunday,February,Restocked
2026-02-02,Machine_1_CityMall,"City Mall, Main Street",Lays Classic Chips,0,4,47,Monday,February,
2026-02-02,Machine_1_CityMall,"City Mall, Main Street",Kurkure Masala,0,2,48,Monday,February,
2026-02-02,Machine_1_CityMall,"City Mall, Main Street",Pepsi 250ml,0,6,45,Monday,February,
2026-02-02,Machine_1_CityMall,"City Mall, Main Street",Sprite 250ml,0,5,35,Monday,February,
2026-02-02,Machine_1_CityMall,"City Mall, Main Street",KitKat Chocolate,0,2,37,Monday,February,
2026-02-02,Machine_1_CityMall,"City Mall, Main Street",Mineral Water 500ml,0,7,74,Monday,February,
2026-02-03,Machine_1_CityMall,"City Mall, Main Street",Lays Classic Chips,0,4,43,Tuesday,February,
2026-02-03,Machine_1_CityMall,"City Mall, Main Street",Kurkure Masala,0,3,45,Tuesday,February,
2026-02-03,Machine_1_CityMall,"City Mall, Main Street",Pepsi 250ml,0,6,39,Tuesday,February,
2026-02-03,Machine_1_CityMall,"City Mall, Main Street",Sprite 250ml,0,5,30,Tuesday,February,
2026-02-03,Machine_1_CityMall,"City Mall, Main Street",KitKat Chocolate,0,3,34,Tuesday,February,
2026-02-03,Machine_1_CityMall,"City Mall, Main Street",Mineral Water 500ml,0,8,66,Tuesday,February,
2026-02-04,Machine_1_CityMall,"City Mall, Main Street",Lays Classic Chips,0,3,40,Wednesday,February,
2026-02-04,Machine_1_CityMall,"City Mall, Main Street",Kurkure Masala,0,3,42,Wednesday,February,
2026-02-04,Machine_1_CityMall,"City Mall, Main Street",Pepsi 250ml,0,6,33,Wednesday,February,
2026-02-04,Machine_1_CityMall,"City Mall, Main Street",Sprite 250ml,0,5,25,Wednesday,February,
2026-02-04,Machine_1_CityMall,"City Mall, Main Street",KitKat Chocolate,0,3,31,Wednesday,February,
2026-02-04,Machine_1_CityMall,"City Mall, Main Street",Mineral Water 500ml,0,11,55,Wednesday,February,
2026-02-05,Machine_1_CityMall,"City Mall, Main Street",Lays Classic Chips,0,4,36,Thursday,February,
2026-02-05,Machine_1_CityMall,"City Mall, Main Street",Kurkure Masala,0,4,38,Thursday,February,
2026-02-05,Machine_1_CityMall,"City Mall, Main Street",Pepsi 250ml,0,6,27,Thursday,February,
2026-02-05,Machine_1_CityMall,"City Mall, Main Street",Sprite 250ml,0,5,20,Thursday,February,
2026-02-05,Machine_1_CityMall,"City Mall, Main Street",KitKat Chocolate,0,2,29,Thursday,February,
2026-02-05,Machine_1_CityMall,"City Mall, Main Street",Mineral Water 500ml,0,8,47,Thursday,February,
2026-02-06,Machine_1_CityMall,"City Mall, Main Street",Lays Classic Chips,0,3,33,Friday,February,
2026-02-06,Machine_1_CityMall,"City Mall, Main Street",Kurkure Masala,0,3,35,Friday,February,
2026-02-06,Machine_1_CityMall,"City Mall, Main Street",Pepsi 250ml,0,5,22,Friday,February,
2026-02-06,Machine_1_CityMall,"City Mall, Main Street",Sprite 250ml,0,4,16,Friday,February,
2026-02-06,Machine_1_CityMall,"City Mall, Main Street",KitKat Chocolate,0,3,26,Friday,February,
2026-02-06,Machine_1_CityMall,"City Mall, Main Street",Mineral Water 500ml,0,5,42,Friday,February,
2026-02-07,Machine_1_CityMall,"City Mall, Main Street",Lays Classic Chips,0,5,28,Saturday,February,
2026-02-07,Machine_1_CityMall,"City Mall, Main Street",Kurkure Masala,0,3,32,Saturday,February,
2026-02-07,Machine_1_CityMall,"City Mall, Main Street",Pepsi 250ml,0,7,15,Saturday,February,
2026-02-07,Machine_1_CityMall,"City Mall, Main Street",Sprite 250ml,0,6,10,Saturday,February,
2026-02-07,Machine_1_CityMall,"City Mall, Main Street",KitKat Chocolate,0,3,23,Saturday,February,
2026-02-07,Machine_1_CityMall,"City Mall, Main Street",Mineral Water 500ml,0,8,34,Saturday,February,
2026-02-08,Machine_1_CityMall,"City Mall, Main Street",Lays Classic Chips,0,4,24,Sunday,February,
2026-02-08,Machine_1_CityMall,"City Mall, Main Street",Kurkure Masala,0,4,28,Sunday,February,
2026-02-08,Machine_1_CityMall,"City Mall, Main Street",Pepsi 250ml,0,6,9,Sunday,February,
2026-02-08,Machine_1_CityMall,"City Mall, Main Street",Sprite 250ml,60,6,64,Sunday,February,Restocked
2026-02-08,Machine_1_CityMall,"City Mall, Main Street",KitKat Chocolate,0,3,20,Sunday,February,
2026-02-08,Machine_1_CityMall,"City Mall, Main Street",Mineral Water 500ml,0,8,26,Sunday,February,
2026-02-09,Machine_1_CityMall,"City Mall, Main Street",Lays Classic Chips,0,5,19,Monday,February,
2026-02-09,Machine_1_CityMall,"City Mall, Main Street",Kurkure Masala,0,3,25,Monday,February,
2026-02-09,Machine_1_CityMall,"City Mall, Main Street",Pepsi 250ml,72,4,77,Monday,February,Restocked
2026-02-09,Machine_1_CityMall,"City Mall, Main Street",Sprite 250ml,0,4,60,Monday,February,
2026-02-09,Machine_1_CityMall,"City Mall, Main Street",KitKat Chocolate,0,2,18,Monday,February,
2026-02-09,Machine_1_CityMall,"City Mall, Main Street",Mineral Water 500ml,0,8,18,Monday,February,
2026-02-10,Machine_1_CityMall,"City Mall, Main Street",Lays Classic Chips,0,3,16,Tuesday,February,
2026-02-10,Machine_1_CityMall,"City Mall, Main Street",Kurkure Masala,0,3,22,Tuesday,February,
2026-02-10,Machine_1_CityMall,"City Mall, Main Street",Pepsi 250ml,0,6,71,Tuesday,February,
2026-02-10,Machine_1_CityMall,"City Mall, Main Street",Sprite 250ml,0,5,55,Tuesday,February,
2026-02-10,Machine_1_CityMall,"City Mall, Main Street",KitKat Chocolate,0,2,16,Tuesday,February,
2026-02-10,Machine_1_CityMall,"City Mall, Main Street",Mineral Water 500ml,0,6,12,Tuesday,February,
2026-02-11,Machine_1_CityMall,"City Mall, Main Street",Lays Classic Chips,0,3,13,Wednesday,February,
2026-02-11,Machine_1_CityMall,"City Mall, Main Street",Kurkure Masala,0,3,19,Wednesday,February,
2026-02-11,Machine_1_CityMall,"City Mall, Main Street",Pepsi 250ml,0,7,64,Wednesday,February,
2026-02-11,Machine_1_CityMall,"City Mall, Main Street",Sprite 250ml,0,5,50,Wednesday,February,
2026-02-11,Machine_1_CityMall,"City Mall, Main Street",KitKat Chocolate,0,2,14,Wednesday,February,
2026-02-11,Machine_1_CityMall,"City Mall, Main Street",Mineral Water 500ml,80,8,84,Wednesday,February,Restocked
2026-02-12,Machine_1_CityMall,"City Mall, Main Street",Lays Classic Chips,0,5,8,Thursday,February,
2026-02-12,Machine_1_CityMall,"City Mall, Main Street",Kurkure Masala,0,4,15,Thursday,February,
2026-02-12,Machine_1_CityMall,"City Mall, Main Street",Pepsi 250ml,0,4,60,Thursday,February,
2026-02-12,Machine_1_CityMall,"City Mall, Main Street",Sprite 250ml,0,4,46,Thursday,February,
2026-02-12,Machine_1_CityMall,"City Mall, Main Street",KitKat Chocolate,0,3,11,Thursday,February,
2026-02-12,Machine_1_CityMall,"City Mall, Main Street",Mineral Water 500ml,0,6,78,Thursday,February,
2026-02-13,Machine_1_CityMall,"City Mall, Main Street",Lays Classic Chips,60,4,64,Friday,February,Restocked
2026-02-13,Machine_1_CityMall,"City Mall, Main Street",Kurkure Masala,0,4,11,Friday,February,
2026-02-13,Machine_1_CityMall,"City Mall, Main Street",Pepsi 250ml,0,5,55,Friday,February,
2026-02-13,Machine_1_CityMall,"City Mall, Main Street",Sprite 250ml,0,4,42,Friday,February,
2026-02-13,Machine_1_CityMall,"City Mall, Main Street",KitKat Chocolate,0,1,10,Friday,February,
2026-02-13,Machine_1_CityMall,"City Mall, Main Street",Mineral Water 500ml,0,6,72,Friday,February,
2026-02-14,Machine_1_CityMall,"City Mall, Main Street",Lays Classic Chips,0,5,59,Saturday,February,
2026-02-14,Machine_1_CityMall,"City Mall, Main Street",Kurkure Masala,0,3,8,Saturday,February,
2026-02-14,Machine_1_CityMall,"City Mall, Main Street",Pepsi 250ml,0,8,47,Saturday,February,
2026-02-14,Machine_1_CityMall,"City Mall, Main Street",Sprite 250ml,0,5,37,Saturday,February,
2026-02-14,Machine_1_CityMall,"City Mall, Main Street",KitKat Chocolate,0,3,7,Saturday,February,
2026-02-14,Machine_1_CityMall,"City Mall, Main Street",Mineral Water 500ml,0,9,63,Saturday,February,
2026-02-15,Machine_1_CityMall,"City Mall, Main Street",Lays Classic Chips,0,6,53,Sunday,February,
2026-02-15,Machine_1_CityMall,"City Mall, Main Street",Kurkure Masala,50,3,55,Sunday,February,Restocked
2026-02-15,Machine_1_CityMall,"City Mall, Main Street",Pepsi 250ml,0,8,39,Sunday,February,
2026-02-15,Machine_1_CityMall,"City Mall, Main Street",Sprite 250ml,0,6,31,Sunday,February,
2026-02-15,Machine_1_CityMall,"City Mall, Main Street",KitKat Chocolate,40,3,44,Sunday,February,Restocked
2026-02-15,Machine_1_CityMall,"City Mall, Main Street",Mineral Water 500ml,0,9,54,Sunday,February,
2026-02-16,Machine_1_CityMall,"City Mall, Main Street",Lays Classic Chips,0,4,49,Monday,February,
2026-02-16,Machine_1_CityMall,"City Mall, Main Street",Kurkure Masala,0,3,52,Monday,February,
2026-02-16,Machine_1_CityMall,"City Mall, Main Street",Pepsi 250ml,0,5,34,Monday,February,
2026-02-16,Machine_1_CityMall,"City Mall, Main Street",Sprite 250ml,0,4,27,Monday,February,
2026-02-16,Machine_1_CityMall,"City Mall, Main Street",KitKat Chocolate,0,3,41,Monday,February,
2026-02-16,Machine_1_CityMall,"City Mall, Main Street",Mineral Water 500ml,0,7,47,Monday,February,
2026-02-17,Machine_1_CityMall,"City Mall, Main Street",Lays Classic Chips,0,5,44,Tuesday,February,
2026-02-17,Machine_1_CityMall,"City Mall, Main Street",Kurkure Masala,0,3,49,Tuesday,February,
2026-02-17,Machine_1_CityMall,"City Mall, Main Street",Pepsi 250ml,0,7,27,Tuesday,February,
2026-02-17,Machine_1_CityMall,"City Mall, Main Street",Sprite 250ml,0,3,24,Tuesday,February,
2026-02-17,Machine_1_CityMall,"City Mall, Main Street",KitKat Chocolate,0,2,39,Tuesday,February,
2026-02-17,Machine_1_CityMall,"City Mall, Main Street",Mineral Water 500ml,0,7,40,Tuesday,February,
2026-02-18,Machine_1_CityMall,"City Mall, Main Street",Lays Classic Chips,0,4,40,Wednesday,February,
2026-02-18,Machine_1_CityMall,"City Mall, Main Street",Kurkure Masala,0,3,46,Wednesday,February,
2026-02-18,Machine_1_CityMall,"City Mall, Main Street",Pepsi 250ml,0,5,22,Wednesday,February,
2026-02-18,Machine_1_CityMall,"City Mall, Main Street",Sprite 250ml,0,4,20,Wednesday,February,
2026-02-18,Machine_1_CityMall,"City Mall, Main Street",KitKat Chocolate,0,2,37,Wednesday,February,
2026-02-18,Machine_1_CityMall,"City Mall, Main Street",Mineral Water 500ml,0,8,32,Wednesday,February,
2026-02-19,Machine_1_CityMall,"City Mall, Main Street",Lays Classic Chips,0,4,36,Thursday,February,
2026-02-19,Machine_1_CityMall,"City Mall, Main Street",Kurkure Masala,0,3,43,Thursday,February,
2026-02-19,Machine_1_CityMall,"City Mall, Main Street",Pepsi 250ml,0,6,16,Thursday,February,
2026-02-19,Machine_1_CityMall,"City Mall, Main Street",Sprite 250ml,0,5,15,Thursday,February,
2026-02-19,Machine_1_CityMall,"City Mall, Main Street",KitKat Chocolate,0,3,34,Thursday,February,
2026-02-19,Machine_1_CityMall,"City Mall, Main Street",Mineral Water 500ml,0,7,25,Thursday,February,
2026-02-20,Machine_1_CityMall,"City Mall, Main Street",Lays Classic Chips,0,3,33,Friday,February,
2026-02-20,Machine_1_CityMall,"City Mall, Main Street",Kurkure Masala,0,3,40,Friday,February,
2026-02-20,Machine_1_CityMall,"City Mall, Main Street",Pepsi 250ml,0,6,10,Friday,February,
2026-02-20,Machine_1_CityMall,"City Mall, Main Street",Sprite 250ml,0,5,10,Friday,February,
2026-02-20,Machine_1_CityMall,"City Mall, Main Street",KitKat Chocolate,0,3,31,Friday,February,
2026-02-20,Machine_1_CityMall,"City Mall, Main Street",Mineral Water 500ml,0,7,18,Friday,February,
2026-02-21,Machine_1_CityMall,"City Mall, Main Street",Lays Classic Chips,0,6,27,Saturday,February,
2026-02-21,Machine_1_CityMall,"City Mall, Main Street",Kurkure Masala,0,4,36,Saturday,February,
2026-02-21,Machine_1_CityMall,"City Mall, Main Street",Pepsi 250ml,72,8,74,Saturday,February,Restocked
2026-02-21,Machine_1_CityMall,"City Mall, Main Street",Sprite 250ml,60,5,65,Saturday,February,Restocked
2026-02-21,Machine_1_CityMall,"City Mall, Main Street",KitKat Chocolate,0,3,28,Saturday,February,
2026-02-21,Machine_1_CityMall,"City Mall, Main Street",Mineral Water 500ml,80,10,88,Saturday,February,Restocked
2026-02-22,Machine_1_CityMall,"City Mall, Main Street",Lays Classic Chips,0,5,22,Sunday,February,
2026-02-22,Machine_1_CityMall,"City Mall, Main Street",Kurkure Masala,0,5,31,Sunday,February,
2026-02-22,Machine_1_CityMall,"City Mall, Main Street",Pepsi 250ml,0,8,66,Sunday,February,
2026-02-22,Machine_1_CityMall,"City Mall, Main Street",Sprite 250ml,0,6,59,Sunday,February,
2026-02-22,Machine_1_CityMall,"City Mall, Main Street",KitKat Chocolate,0,4,24,Sunday,February,
2026-02-22,Machine_1_CityMall,"City Mall, Main Street",Mineral Water 500ml,0,8,80,Sunday,February,
2026-02-23,Machine_1_CityMall,"City Mall, Main Street",Lays Classic Chips,0,4,18,Monday,February,
2026-02-23,Machine_1_CityMall,"City Mall, Main Street",Kurkure Masala,0,3,28,Monday,February,
2026-02-23,Machine_1_CityMall,"City Mall, Main Street",Pepsi 250ml,0,5,61,Monday,February,
2026-02-23,Machine_1_CityMall,"City Mall, Main Street",Sprite 250ml,0,5,54,Monday,February,
2026-02-23,Machine_1_CityMall,"City Mall, Main Street",KitKat Chocolate,0,2,22,Monday,February,
2026-02-23,Machine_1_CityMall,"City Mall, Main Street",Mineral Water 500ml,0,9,71,Monday,February,
2026-02-24,Machine_1_CityMall,"City Mall, Main Street",Lays Classic Chips,0,3,15,Tuesday,February,
2026-02-24,Machine_1_CityMall,"City Mall, Main Street",Kurkure Masala,0,3,25,Tuesday,February,
2026-02-24,Machine_1_CityMall,"City Mall, Main Street",Pepsi 250ml,0,6,55,Tuesday,February,
2026-02-24,Machine_1_CityMall,"City Mall, Main Street",Sprite 250ml,0,5,49,Tuesday,February,
2026-02-24,Machine_1_CityMall,"City Mall, Main Street",KitKat Chocolate,0,3,19,Tuesday,February,
2026-02-24,Machine_1_CityMall,"City Mall, Main Street",Mineral Water 500ml,0,7,64,Tuesday,February,
2026-02-25,Machine_1_CityMall,"City Mall, Main Street",Lays Classic Chips,0,4,11,Wednesday,February,
2026-02-25,Machine_1_CityMall,"City Mall, Main Street",Kurkure Masala,0,3,22,Wednesday,February,
2026-02-25,Machine_1_CityMall,"City Mall, Main Street",Pepsi 250ml,0,5,50,Wednesday,February,
2026-02-25,Machine_1_CityMall,"City Mall, Main Street",Sprite 250ml,0,4,45,Wednesday,February,
2026-02-25,Machine_1_CityMall,"City Mall, Main Street",KitKat Chocolate,0,3,16,Wednesday,February,
2026-02-25,Machine_1_CityMall,"City Mall, Main Street",Mineral Water 500ml,0,7,57,Wednesday,February,
2026-02-26,Machine_1_CityMall,"City Mall, Main Street",Lays Classic Chips,0,3,8,Thursday,February,
2026-02-26,Machine_1_CityMall,"City Mall, Main Street",Kurkure Masala,0,3,19,Thursday,February,
2026-02-26,Machine_1_CityMall,"City Mall, Main Street",Pepsi 250ml,0,6,44,Thursday,February,
2026-02-26,Machine_1_CityMall,"City Mall, Main Street",Sprite 250ml,0,4,41,Thursday,February,
2026-02-26,Machine_1_CityMall,"City Mall, Main Street",KitKat Chocolate,0,2,14,Thursday,February,
2026-02-26,Machine_1_CityMall,"City Mall, Main Street",Mineral Water 500ml,0,7,50,Thursday,February,
2026-02-27,Machine_1_CityMall,"City Mall, Main Street",Lays Classic Chips,60,4,64,Friday,February,Restocked
2026-02-27,Machine_1_CityMall,"City Mall, Main Street",Kurkure Masala,0,3,16,Friday,February,
2026-02-27,Machine_1_CityMall,"City Mall, Main Street",Pepsi 250ml,0,5,39,Friday,February,
2026-02-27,Machine_1_CityMall,"City Mall, Main Street",Sprite 250ml,0,4,37,Friday,February,
2026-02-27,Machine_1_CityMall,"City Mall, Main Street",KitKat Chocolate,0,2,12,Friday,February,
2026-02-27,Machine_1_CityMall,"City Mall, Main Street",Mineral Water 500ml,0,5,45,Friday,February,
2026-02-28,Machine_1_CityMall,"City Mall, Main Street",Lays Classic Chips,0,4,60,Saturday,February,
2026-02-28,Machine_1_CityMall,"City Mall, Main Street",Kurkure Masala,0,4,12,Saturday,February,
2026-02-28,Machine_1_CityMall,"City Mall, Main Street",Pepsi 250ml,0,7,32,Saturday,February,
2026-02-28,Machine_1_CityMall,"City Mall, Main Street",Sprite 250ml,0,7,30,Saturday,February,
2026-02-28,Machine_1_CityMall,"City Mall, Main Street",KitKat Chocolate,0,4,8,Saturday,February,
2026-02-28,Machine_1_CityMall,"City Mall, Main Street",Mineral Water 500ml,0,9,36,Saturday,February,
2026-03-01,Machine_1_CityMall,"City Mall, Main Street",Lays Classic Chips,0,6,54,Sunday,March,
2026-03-01,Machine_1_CityMall,"City Mall, Main Street",Kurkure Masala,0,4,8,Sunday,March,
2026-03-01,Machine_1_CityMall,"City Mall, Main Street",Pepsi 250ml,0,9,23,Sunday,March,
2026-03-01,Machine_1_CityMall,"City Mall, Main Street",Sprite 250ml,0,7,23,Sunday,March,
2026-03-01,Machine_1_CityMall,"City Mall, Main Street",KitKat Chocolate,40,4,44,Sunday,March,Restocked
2026-03-01,Machine_1_CityMall,"City Mall, Main Street",Mineral Water 500ml,0,10,26,Sunday,March,
2026-03-02,Machine_1_CityMall,"City Mall, Main Street",Lays Classic Chips,0,5,49,Monday,March,
2026-03-02,Machine_1_CityMall,"City Mall, Main Street",Kurkure Masala,50,5,53,Monday,March,Restocked
2026-03-02,Machine_1_CityMall,"City Mall, Main Street",Pepsi 250ml,0,7,16,Monday,March,
2026-03-02,Machine_1_CityMall,"City Mall, Main Street",Sprite 250ml,0,6,17,Monday,March,
2026-03-02,Machine_1_CityMall,"City Mall, Main Street",KitKat Chocolate,0,3,41,Monday,March,
2026-03-02,Machine_1_CityMall,"City Mall, Main Street",Mineral Water 500ml,0,8,18,Monday,March,
2026-03-03,Machine_1_CityMall,"City Mall, Main Street",Lays Classic Chips,0,5,44,Tuesday,March,
2026-03-03,Machine_1_CityMall,"City Mall, Main Street",Kurkure Masala,0,4,49,Tuesday,March,
2026-03-03,Machine_1_CityMall,"City Mall, Main Street",Pepsi 250ml,0,7,9,Tuesday,March,
2026-03-03,Machine_1_CityMall,"City Mall, Main Street",Sprite 250ml,0,5,12,Tuesday,March,
2026-03-03,Machine_1_CityMall,"City Mall, Main Street",KitKat Chocolate,0,3,38,Tuesday,March,
2026-03-03,Machine_1_CityMall,"City Mall, Main Street",Mineral Water 500ml,0,9,9,Tuesday,March,
2026-03-04,Machine_1_CityMall,"City Mall, Main Street",Lays Classic Chips,0,6,38,Wednesday,March,
2026-03-04,Machine_1_CityMall,"City Mall, Main Street",Kurkure Masala,0,4,45,Wednesday,March,
2026-03-04,Machine_1_CityMall,"City Mall, Main Street",Pepsi 250ml,72,9,72,Wednesday,March,Restocked
2026-03-04,Machine_1_CityMall,"City Mall, Main Street",Sprite 250ml,0,5,7,Wednesday,March,
2026-03-04,Machine_1_CityMall,"City Mall, Main Street",KitKat Chocolate,0,3,35,Wednesday,March,
2026-03-04,Machine_1_CityMall,"City Mall, Main Street",Mineral Water 500ml,80,8,81,Wednesday,March,Restocked
2026-03-05,Machine_1_CityMall,"City Mall, Main Street",Lays Classic Chips,0,6,32,Thursday,March,
2026-03-05,Machine_1_CityMall,"City Mall, Main Street",Kurkure Masala,0,3,42,Thursday,March,
2026-03-05,Machine_1_CityMall,"City Mall, Main Street",Pepsi 250ml,0,6,66,Thursday,March,
2026-03-05,Machine_1_CityMall,"City Mall, Main Street",Sprite 250ml,60,5,62,Thursday,March,Restocked
2026-03-05,Machine_1_CityMall,"City Mall, Main Street",KitKat Chocolate,0,2,33,Thursday,March,
2026-03-05,Machine_1_CityMall,"City Mall, Main Street",Mineral Water 500ml,0,8,73,Thursday,March,
2026-03-06,Machine_1_CityMall,"City Mall, Main Street",Lays Classic Chips,0,4,28,Friday,March,
2026-03-06,Machine_1_CityMall,"City Mall, Main Street",Kurkure Masala,0,4,38,Friday,March,
2026-03-06,Machine_1_CityMall,"City Mall, Main Street",Pepsi 250ml,0,7,59,Friday,March,
2026-03-06,Machine_1_CityMall,"City Mall, Main Street",Sprite 250ml,0,7,55,Friday,March,
2026-03-06,Machine_1_CityMall,"City Mall, Main Street",KitKat Chocolate,0,3,30,Friday,March,
2026-03-06,Machine_1_CityMall,"City Mall, Main Street",Mineral Water 500ml,0,8,65,Friday,March,
2026-03-07,Machine_1_CityMall,"City Mall, Main Street",Lays Classic Chips,0,5,23,Saturday,March,
2026-03-07,Machine_1_CityMall,"City Mall, Main Street",Kurkure Masala,0,5,33,Saturday,March,
2026-03-07,Machine_1_CityMall,"City Mall, Main Street",Pepsi 250ml,0,7,52,Saturday,March,
2026-03-07,Machine_1_CityMall,"City Mall, Main Street",Sprite 250ml,0,8,47,Saturday,March,
2026-03-07,Machine_1_CityMall,"City Mall, Main Street",KitKat Chocolate,0,4,26,Saturday,March,
2026-03-07,Machine_1_CityMall,"City Mall, Main Street",Mineral Water 500ml,0,10,55,Saturday,March,
2026-03-08,Machine_1_CityMall,"City Mall, Main Street",Lays Classic Chips,0,5,18,Sunday,March,
2026-03-08,Machine_1_CityMall,"City Mall, Main Street",Kurkure Masala,0,6,27,Sunday,March,
2026-03-08,Machine_1_CityMall,"City Mall, Main Street",Pepsi 250ml,0,8,44,Sunday,March,
2026-03-08,Machine_1_CityMall,"City Mall, Main Street",Sprite 250ml,0,8,39,Sunday,March,
2026-03-08,Machine_1_CityMall,"City Mall, Main Street",KitKat Chocolate,0,3,23,Sunday,March,
2026-03-08,Machine_1_CityMall,"City Mall, Main Street",Mineral Water 500ml,0,10,45,Sunday,March,
2026-03-09,Machine_1_CityMall,"City Mall, Main Street",Lays Classic Chips,0,5,13,Monday,March,
2026-03-09,Machine_1_CityMall,"City Mall, Main Street",Kurkure Masala,0,4,23,Monday,March,
2026-03-09,Machine_1_CityMall,"City Mall, Main Street",Pepsi 250ml,0,6,38,Monday,March,
2026-03-09,Machine_1_CityMall,"City Mall, Main Street",Sprite 250ml,0,6,33,Monday,March,
2026-03-09,Machine_1_CityMall,"City Mall, Main Street",KitKat Chocolate,0,3,20,Monday,March,
2026-03-09,Machine_1_CityMall,"City Mall, Main Street",Mineral Water 500ml,0,8,37,Monday,March,
2026-03-10,Machine_1_CityMall,"City Mall, Main Street",Lays Classic Chips,0,5,8,Tuesday,March,
2026-03-10,Machine_1_CityMall,"City Mall, Main Street",Kurkure Masala,0,4,19,Tuesday,March,
2026-03-10,Machine_1_CityMall,"City Mall, Main Street",Pepsi 250ml,0,7,31,Tuesday,March,
2026-03-10,Machine_1_CityMall,"City Mall, Main Street",Sprite 250ml,0,4,29,Tuesday,March,
2026-03-10,Machine_1_CityMall,"City Mall, Main Street",KitKat Chocolate,0,2,18,Tuesday,March,
2026-03-10,Machine_1_CityMall,"City Mall, Main Street",Mineral Water 500ml,0,10,27,Tuesday,March,
2026-03-11,Machine_1_CityMall,"City Mall, Main Street",Lays Classic Chips,60,5,63,Wednesday,March,Restocked
2026-03-11,Machine_1_CityMall,"City Mall, Main Street",Kurkure Masala,0,3,16,Wednesday,March,
2026-03-11,Machine_1_CityMall,"City Mall, Main Street",Pepsi 250ml,0,8,23,Wednesday,March,
2026-03-11,Machine_1_CityMall,"City Mall, Main Street",Sprite 250ml,0,5,24,Wednesday,March,
2026-03-11,Machine_1_CityMall,"City Mall, Main Street",KitKat Chocolate,0,4,14,Wednesday,March,
2026-03-11,Machine_1_CityMall,"City Mall, Main Street",Mineral Water 500ml,0,8,19,Wednesday,March,
2026-03-12,Machine_1_CityMall,"City Mall, Main Street",Lays Classic Chips,0,6,57,Thursday,March,
2026-03-12,Machine_1_CityMall,"City Mall, Main Street",Kurkure Masala,0,5,11,Thursday,March,
2026-03-12,Machine_1_CityMall,"City Mall, Main Street",Pepsi 250ml,0,6,17,Thursday,March,
2026-03-12,Machine_1_CityMall,"City Mall, Main Street",Sprite 250ml,0,6,18,Thursday,March,
2026-03-12,Machine_1_CityMall,"City Mall, Main Street",KitKat Chocolate,0,3,11,Thursday,March,
2026-03-12,Machine_1_CityMall,"City Mall, Main Street",Mineral Water 500ml,0,10,9,Thursday,March,
2026-03-13,Machine_1_CityMall,"City Mall, Main Street",Lays Classic Chips,0,4,53,Friday,March,
2026-03-13,Machine_1_CityMall,"City Mall, Main Street",Kurkure Masala,0,4,7,Friday,March,
2026-03-13,Machine_1_CityMall,"City Mall, Main Street",Pepsi 250ml,0,8,9,Friday,March,
2026-03-13,Machine_1_CityMall,"City Mall, Main Street",Sprite 250ml,0,4,14,Friday,March,
2026-03-13,Machine_1_CityMall,"City Mall, Main Street",KitKat Chocolate,0,3,8,Friday,March,
2026-03-13,Machine_1_CityMall,"City Mall, Main Street",Mineral Water 500ml,80,6,83,Friday,March,Restocked
2026-03-14,Machine_1_CityMall,"City Mall, Main Street",Lays Classic Chips,0,6,47,Saturday,March,
2026-03-14,Machine_1_CityMall,"City Mall, Main Street",Kurkure Masala,50,5,52,Saturday,March,Restocked
2026-03-14,Machine_1_CityMall,"City Mall, Main Street",Pepsi 250ml,72,9,72,Saturday,March,Restocked
2026-03-14,Machine_1_CityMall,"City Mall, Main Street",Sprite 250ml,0,7,7,Saturday,March,
2026-03-14,Machine_1_CityMall,"City Mall, Main Street",KitKat Chocolate,40,5,43,Saturday,March,Restocked
2026-03-14,Machine_1_CityMall,"City Mall, Main Street",Mineral Water 500ml,0,9,74,Saturday,March,
2026-03-15,Machine_1_CityMall,"City Mall, Main Street",Lays Classic Chips,0,5,42,Sunday,March,
2026-03-15,Machine_1_CityMall,"City Mall, Main Street",Kurkure Masala,0,5,47,Sunday,March,
2026-03-15,Machine_1_CityMall,"City Mall, Main Street",Pepsi 250ml,0,9,63,Sunday,March,
2026-03-15,Machine_1_CityMall,"City Mall, Main Street",Sprite 250ml,60,7,60,Sunday,March,Restocked
2026-03-15,Machine_1_CityMall,"City Mall, Main Street",KitKat Chocolate,0,3,40,Sunday,March,
2026-03-15,Machine_1_CityMall,"City Mall, Main Street",Mineral Water 500ml,0,11,63,Sunday,March,
2026-03-16,Machine_1_CityMall,"City Mall, Main Street",Lays Classic Chips,0,4,38,Monday,March,
2026-03-16,Machine_1_CityMall,"City Mall, Main Street",Kurkure Masala,0,4,43,Monday,March,
2026-03-16,Machine_1_CityMall,"City Mall, Main Street",Pepsi 250ml,0,7,56,Monday,March,
2026-03-16,Machine_1_CityMall,"City Mall, Main Street",Sprite 250ml,0,5,55,Monday,March,
2026-03-16,Machine_1_CityMall,"City Mall, Main Street",KitKat Chocolate,0,3,37,Monday,March,
2026-03-16,Machine_1_CityMall,"City Mall, Main Street",Mineral Water 500ml,0,7,56,Monday,March,
2026-03-17,Machine_1_CityMall,"City Mall, Main Street",Lays Classic Chips,0,5,33,Tuesday,March,
2026-03-17,Machine_1_CityMall,"City Mall, Main Street",Kurkure Masala,0,4,39,Tuesday,March,
2026-03-17,Machine_1_CityMall,"City Mall, Main Street",Pepsi 250ml,0,6,50,Tuesday,March,
2026-03-17,Machine_1_CityMall,"City Mall, Main Street",Sprite 250ml,0,6,49,Tuesday,March,
2026-03-17,Machine_1_CityMall,"City Mall, Main Street",KitKat Chocolate,0,3,34,Tuesday,March,
2026-03-17,Machine_1_CityMall,"City Mall, Main Street",Mineral Water 500ml,0,7,49,Tuesday,March,
2026-03-18,Machine_1_CityMall,"City Mall, Main Street",Lays Classic Chips,0,5,28,Wednesday,March,
2026-03-18,Machine_1_CityMall,"City Mall, Main Street",Kurkure Masala,0,3,36,Wednesday,March,
2026-03-18,Machine_1_CityMall,"City Mall, Main Street",Pepsi 250ml,0,6,44,Wednesday,March,
2026-03-18,Machine_1_CityMall,"City Mall, Main Street",Sprite 250ml,0,4,45,Wednesday,March,
2026-03-18,Machine_1_CityMall,"City Mall, Main Street",KitKat Chocolate,0,4,30,Wednesday,March,
2026-03-18,Machine_1_CityMall,"City Mall, Main Street",Mineral Water 500ml,0,8,41,Wednesday,March,
2026-03-19,Machine_1_CityMall,"City Mall, Main Street",Lays Classic Chips,0,4,24,Thursday,March,
2026-03-19,Machine_1_CityMall,"City Mall, Main Street",Kurkure Masala,0,4,32,Thursday,March,
2026-03-19,Machine_1_CityMall,"City Mall, Main Street",Pepsi 250ml,0,6,38,Thursday,March,
2026-03-19,Machine_1_CityMall,"City Mall, Main Street",Sprite 250ml,0,5,40,Thursday,March,
2026-03-19,Machine_1_CityMall,"City Mall, Main Street",KitKat Chocolate,0,3,27,Thursday,March,
2026-03-19,Machine_1_CityMall,"City Mall, Main Street",Mineral Water 500ml,0,9,32,Thursday,March,
2026-03-20,Machine_1_CityMall,"City Mall, Main Street",Lays Classic Chips,0,4,20,Friday,March,
2026-03-20,Machine_1_CityMall,"City Mall, Main Street",Kurkure Masala,0,4,28,Friday,March,
2026-03-20,Machine_1_CityMall,"City Mall, Main Street",Pepsi 250ml,0,6,32,Friday,March,
2026-03-20,Machine_1_CityMall,"City Mall, Main Street",Sprite 250ml,0,4,36,Friday,March,
2026-03-20,Machine_1_CityMall,"City Mall, Main Street",KitKat Chocolate,0,2,25,Friday,March,
2026-03-20,Machine_1_CityMall,"City Mall, Main Street",Mineral Water 500ml,0,10,22,Friday,March,
2026-03-21,Machine_1_CityMall,"City Mall, Main Street",Lays Classic Chips,0,7,13,Saturday,March,
2026-03-21,Machine_1_CityMall,"City Mall, Main Street",Kurkure Masala,0,5,23,Saturday,March,
2026-03-21,Machine_1_CityMall,"City Mall, Main Street",Pepsi 250ml,0,9,23,Saturday,March,
2026-03-21,Machine_1_CityMall,"City Mall, Main Street",Sprite 250ml,0,7,29,Saturday,March,
2026-03-21,Machine_1_CityMall,"City Mall, Main Street",KitKat Chocolate,0,5,20,Saturday,March,
2026-03-21,Machine_1_CityMall,"City Mall, Main Street",Mineral Water 500ml,0,12,10,Saturday,March,
2026-03-22,Machine_1_CityMall,"City Mall, Main Street",Lays Classic Chips,0,6,7,Sunday,March,
2026-03-22,Machine_1_CityMall,"City Mall, Main Street",Kurkure Masala,0,5,18,Sunday,March,
2026-03-22,Machine_1_CityMall,"City Mall, Main Street",Pepsi 250ml,0,7,16,Sunday,March,
2026-03-22,Machine_1_CityMall,"City Mall, Main Street",Sprite 250ml,0,7,22,Sunday,March,
2026-03-22,Machine_1_CityMall,"City Mall, Main Street",KitKat Chocolate,0,4,16,Sunday,March,
2026-03-22,Machine_1_CityMall,"City Mall, Main Street",Mineral Water 500ml,80,9,81,Sunday,March,Restocked
2026-03-23,Machine_1_CityMall,"City Mall, Main Street",Lays Classic Chips,60,4,63,Monday,March,Restocked
2026-03-23,Machine_1_CityMall,"City Mall, Main Street",Kurkure Masala,0,3,15,Monday,March,
2026-03-23,Machine_1_CityMall,"City Mall, Main Street",Pepsi 250ml,0,8,8,Monday,March,
2026-03-23,Machine_1_CityMall,"City Mall, Main Street",Sprite 250ml,0,6,16,Monday,March,
2026-03-23,Machine_1_CityMall,"City Mall, Main Street",KitKat Chocolate,0,3,13,Monday,March,
2026-03-23,Machine_1_CityMall,"City Mall, Main Street",Mineral Water 500ml,0,10,71,Monday,March,
2026-03-24,Machine_1_CityMall,"City Mall, Main Street",Lays Classic Chips,0,5,58,Tuesday,March,
2026-03-24,Machine_1_CityMall,"City Mall, Main Street",Kurkure Masala,0,3,12,Tuesday,March,
2026-03-24,Machine_1_CityMall,"City Mall, Main Street",Pepsi 250ml,72,8,72,Tuesday,March,Restocked
2026-03-24,Machine_1_CityMall,"City Mall, Main Street",Sprite 250ml,0,6,10,Tuesday,March,
2026-03-24,Machine_1_CityMall,"City Mall, Main Street",KitKat Chocolate,0,3,10,Tuesday,March,
2026-03-24,Machine_1_CityMall,"City Mall, Main Street",Mineral Water 500ml,0,8,63,Tuesday,March,
2026-03-25,Machine_1_CityMall,"City Mall, Main Street",Lays Classic Chips,0,4,54,Wednesday,March,
2026-03-25,Machine_1_CityMall,"City Mall, Main Street",Kurkure Masala,0,3,9,Wednesday,March,
2026-03-25,Machine_1_CityMall,"City Mall, Main Street",Pepsi 250ml,0,7,65,Wednesday,March,
2026-03-25,Machine_1_CityMall,"City Mall, Main Street",Sprite 250ml,60,7,63,Wednesday,March,Restocked
2026-03-25,Machine_1_CityMall,"City Mall, Main Street",KitKat Chocolate,0,2,8,Wednesday,March,
2026-03-25,Machine_1_CityMall,"City Mall, Main Street",Mineral Water 500ml,0,9,54,Wednesday,March,
2026-03-26,Machine_1_CityMall,"City Mall, Main Street",Lays Classic Chips,0,4,50,Thursday,March,
2026-03-26,Machine_1_CityMall,"City Mall, Main Street",Kurkure Masala,50,4,55,Thursday,March,Restocked
2026-03-26,Machine_1_CityMall,"City Mall, Main Street",Pepsi 250ml,0,6,59,Thursday,March,
2026-03-26,Machine_1_CityMall,"City Mall, Main Street",Sprite 250ml,0,5,58,Thursday,March,
2026-03-26,Machine_1_CityMall,"City Mall, Main Street",KitKat Chocolate,40,3,45,Thursday,March,Restocked
2026-03-26,Machine_1_CityMall,"City Mall, Main Street",Mineral Water 500ml,0,7,47,Thursday,March,
2026-03-27,Machine_1_CityMall,"City Mall, Main Street",Lays Classic Chips,0,5,45,Friday,March,
2026-03-27,Machine_1_CityMall,"City Mall, Main Street",Kurkure Masala,0,4,51,Friday,March,
2026-03-27,Machine_1_CityMall,"City Mall, Main Street",Pepsi 250ml,0,6,53,Friday,March,
2026-03-27,Machine_1_CityMall,"City Mall, Main Street",Sprite 250ml,0,5,53,Friday,March,
2026-03-27,Machine_1_CityMall,"City Mall, Main Street",KitKat Chocolate,0,3,42,Friday,March,
2026-03-27,Machine_1_CityMall,"City Mall, Main Street",Mineral Water 500ml,0,9,38,Friday,March,
2026-03-28,Machine_1_CityMall,"City Mall, Main Street",Lays Classic Chips,0,6,39,Saturday,March,
2026-03-28,Machine_1_CityMall,"City Mall, Main Street",Kurkure Masala,0,4,47,Saturday,March,
2026-03-28,Machine_1_CityMall,"City Mall, Main Street",Pepsi 250ml,0,9,44,Saturday,March,
2026-03-28,Machine_1_CityMall,"City Mall, Main Street",Sprite 250ml,0,7,46,Saturday,March,
2026-03-28,Machine_1_CityMall,"City Mall, Main Street",KitKat Chocolate,0,3,39,Saturday,March,
2026-03-28,Machine_1_CityMall,"City Mall, Main Street",Mineral Water 500ml,0,11,27,Saturday,March,
2026-03-29,Machine_1_CityMall,"City Mall, Main Street",Lays Classic Chips,0,6,33,Sunday,March,
2026-03-29,Machine_1_CityMall,"City Mall, Main Street",Kurkure Masala,0,5,42,Sunday,March,
2026-03-29,Machine_1_CityMall,"City Mall, Main Street",Pepsi 250ml,0,8,36,Sunday,March,
2026-03-29,Machine_1_CityMall,"City Mall, Main Street",Sprite 250ml,0,6,40,Sunday,March,
2026-03-29,Machine_1_CityMall,"City Mall, Main Street",KitKat Chocolate,0,3,36,Sunday,March,
2026-03-29,Machine_1_CityMall,"City Mall, Main Street",Mineral Water 500ml,0,11,16,Sunday,March,
2026-03-30,Machine_1_CityMall,"City Mall, Main Street",Lays Classic Chips,0,5,28,Monday,March,
2026-03-30,Machine_1_CityMall,"City Mall, Main Street",Kurkure Masala,0,3,39,Monday,March,
2026-03-30,Machine_1_CityMall,"City Mall, Main Street",Pepsi 250ml,0,7,29,Monday,March,
2026-03-30,Machine_1_CityMall,"City Mall, Main Street",Sprite 250ml,0,4,36,Monday,March,
2026-03-30,Machine_1_CityMall,"City Mall, Main Street",KitKat Chocolate,0,3,33,Monday,March,
2026-03-30,Machine_1_CityMall,"City Mall, Main Street",Mineral Water 500ml,0,7,9,Monday,March,
2026-03-31,Machine_1_CityMall,"City Mall, Main Street",Lays Classic Chips,0,4,24,Tuesday,March,
2026-03-31,Machine_1_CityMall,"City Mall, Main Street",Kurkure Masala,0,4,35,Tuesday,March,
2026-03-31,Machine_1_CityMall,"City Mall, Main Street",Pepsi 250ml,0,6,23,Tuesday,March,
2026-03-31,Machine_1_CityMall,"City Mall, Main Street",Sprite 250ml,0,5,31,Tuesday,March,
2026-03-31,Machine_1_CityMall,"City Mall, Main Street",KitKat Chocolate,0,4,29,Tuesday,March,
2026-03-31,Machine_1_CityMall,"City Mall, Main Street",Mineral Water 500ml,80,8,81,Tuesday,March,Restocked
2026-04-01,Machine_1_CityMall,"City Mall, Main Street",Lays Classic Chips,0,6,18,Wednesday,April,
2026-04-01,Machine_1_CityMall,"City Mall, Main Street",Kurkure Masala,0,4,31,Wednesday,April,
2026-04-01,Machine_1_CityMall,"City Mall, Main Street",Pepsi 250ml,0,8,15,Wednesday,April,
2026-04-01,Machine_1_CityMall,"City Mall, Main Street",Sprite 250ml,0,7,24,Wednesday,April,
2026-04-01,Machine_1_CityMall,"City Mall, Main Street",KitKat Chocolate,0,2,27,Wednesday,April,
2026-04-01,Machine_1_CityMall,"City Mall, Main Street",Mineral Water 500ml,0,8,73,Wednesday,April,
2026-04-02,Machine_1_CityMall,"City Mall, Main Street",Lays Classic Chips,0,5,13,Thursday,April,
2026-04-02,Machine_1_CityMall,"City Mall, Main Street",Kurkure Masala,0,4,27,Thursday,April,
2026-04-02,Machine_1_CityMall,"City Mall, Main Street",Pepsi 250ml,72,8,79,Thursday,April,Restocked
2026-04-02,Machine_1_CityMall,"City Mall, Main Street",Sprite 250ml,0,5,19,Thursday,April,
2026-04-02,Machine_1_CityMall,"City Mall, Main Street",KitKat Chocolate,0,3,24,Thursday,April,
2026-04-02,Machine_1_CityMall,"City Mall, Main Street",Mineral Water 500ml,0,9,64,Thursday,April,
2026-04-03,Machine_1_CityMall,"City Mall, Main Street",Lays Classic Chips,0,6,7,Friday,April,
2026-04-03,Machine_1_CityMall,"City Mall, Main Street",Kurkure Masala,0,4,23,Friday,April,
2026-04-03,Machine_1_CityMall,"City Mall, Main Street",Pepsi 250ml,0,8,71,Friday,April,
2026-04-03,Machine_1_CityMall,"City Mall, Main Street",Sprite 250ml,0,5,14,Friday,April,
2026-04-03,Machine_1_CityMall,"City Mall, Main Street",KitKat Chocolate,0,3,21,Friday,April,
2026-04-03,Machine_1_CityMall,"City Mall, Main Street",Mineral Water 500ml,0,9,55,Friday,April,
2026-04-04,Machine_1_CityMall,"City Mall, Main Street",Lays Classic Chips,60,7,60,Saturday,April,Restocked
2026-04-04,Machine_1_CityMall,"City Mall, Main Street",Kurkure Masala,0,5,18,Saturday,April,
2026-04-04,Machine_1_CityMall,"City Mall, Main Street",Pepsi 250ml,0,10,61,Saturday,April,
2026-04-04,Machine_1_CityMall,"City Mall, Main Street",Sprite 250ml,60,9,65,Saturday,April,Restocked
2026-04-04,Machine_1_CityMall,"City Mall, Main Street",KitKat Chocolate,0,5,16,Saturday,April,
2026-04-04,Machine_1_CityMall,"City Mall, Main Street",Mineral Water 500ml,0,11,44,Saturday,April,
2026-04-05,Machine_1_CityMall,"City Mall, Main Street",Lays Classic Chips,0,7,53,Sunday,April,
2026-04-05,Machine_1_CityMall,"City Mall, Main Street",Kurkure Masala,0,5,13,Sunday,April,
2026-04-05,Machine_1_CityMall,"City Mall, Main Street",Pepsi 250ml,0,8,53,Sunday,April,
2026-04-05,Machine_1_CityMall,"City Mall, Main Street",Sprite 250ml,0,7,58,Sunday,April,
2026-04-05,Machine_1_CityMall,"City Mall, Main Street",KitKat Chocolate,0,4,12,Sunday,April,
2026-04-05,Machine_1_CityMall,"City Mall, Main Street",Mineral Water 500ml,0,11,33,Sunday,April,
2026-04-06,Machine_1_CityMall,"City Mall, Main Street",Lays Classic Chips,0,5,48,Monday,April,
2026-04-06,Machine_1_CityMall,"City Mall, Main Street",Kurkure Masala,0,5,8,Monday,April,
2026-04-06,Machine_1_CityMall,"City Mall, Main Street",Pepsi 250ml,0,7,46,Monday,April,
2026-04-06,Machine_1_CityMall,"City Mall, Main Street",Sprite 250ml,0,6,52,Monday,April,
2026-04-06,Machine_1_CityMall,"City Mall, Main Street",KitKat Chocolate,0,4,8,Monday,April,
2026-04-06,Machine_1_CityMall,"City Mall, Main Street",Mineral Water 500ml,0,7,26,Monday,April,
2026-04-07,Machine_1_CityMall,"City Mall, Main Street",Lays Classic Chips,0,5,43,Tuesday,April,
2026-04-07,Machine_1_CityMall,"City Mall, Main Street",Kurkure Masala,50,5,53,Tuesday,April,Restocked
2026-04-07,Machine_1_CityMall,"City Mall, Main Street",Pepsi 250ml,0,6,40,Tuesday,April,
2026-04-07,Machine_1_CityMall,"City Mall, Main Street",Sprite 250ml,0,7,45,Tuesday,April,
2026-04-07,Machine_1_CityMall,"City Mall, Main Street",KitKat Chocolate,40,4,44,Tuesday,April,Restocked
2026-04-07,Machine_1_CityMall,"City Mall, Main Street",Mineral Water 500ml,0,9,17,Tuesday,April,
2026-04-08,Machine_1_CityMall,"City Mall, Main Street",Lays Classic Chips,0,5,38,Wednesday,April,
2026-04-08,Machine_1_CityMall,"City Mall, Main Street",Kurkure Masala,0,5,48,Wednesday,April,
2026-04-08,Machine_1_CityMall,"City Mall, Main Street",Pepsi 250ml,0,7,33,Wednesday,April,
2026-04-08,Machine_1_CityMall,"City Mall, Main Street",Sprite 250ml,0,6,39,Wednesday,April,
2026-04-08,Machine_1_CityMall,"City Mall, Main Street",KitKat Chocolate,0,3,41,Wednesday,April,
2026-04-08,Machine_1_CityMall,"City Mall, Main Street",Mineral Water 500ml,0,8,9,Wednesday,April,
2026-04-09,Machine_1_CityMall,"City Mall, Main Street",Lays Classic Chips,0,6,32,Thursday,April,
2026-04-09,Machine_1_CityMall,"City Mall, Main Street",Kurkure Masala,0,4,44,Thursday,April,
2026-04-09,Machine_1_CityMall,"City Mall, Main Street",Pepsi 250ml,0,7,26,Thursday,April,
2026-04-09,Machine_1_CityMall,"City Mall, Main Street",Sprite 250ml,0,5,34,Thursday,April,
2026-04-09,Machine_1_CityMall,"City Mall, Main Street",KitKat Chocolate,0,4,37,Thursday,April,
2026-04-09,Machine_1_CityMall,"City Mall, Main Street",Mineral Water 500ml,80,9,80,Thursday,April,Restocked
2026-04-10,Machine_1_CityMall,"City Mall, Main Street",Lays Classic Chips,0,6,26,Friday,April,
2026-04-10,Machine_1_CityMall,"City Mall, Main Street",Kurkure Masala,0,4,40,Friday,April,
2026-04-10,Machine_1_CityMall,"City Mall, Main Street",Pepsi 250ml,0,7,19,Friday,April,
2026-04-10,Machine_1_CityMall,"City Mall, Main Street",Sprite 250ml,0,5,29,Friday,April,
2026-04-10,Machine_1_CityMall,"City Mall, Main Street",KitKat Chocolate,0,3,34,Friday,April,
2026-04-10,Machine_1_CityMall,"City Mall, Main Street",Mineral Water 500ml,0,9,71,Friday,April,
2026-04-11,Machine_1_CityMall,"City Mall, Main Street",Lays Classic Chips,0,7,19,Saturday,April,
2026-04-11,Machine_1_CityMall,"City Mall, Main Street",Kurkure Masala,0,5,35,Saturday,April,
2026-04-11,Machine_1_CityMall,"City Mall, Main Street",Pepsi 250ml,0,10,9,Saturday,April,
2026-04-11,Machine_1_CityMall,"City Mall, Main Street",Sprite 250ml,0,8,21,Saturday,April,
2026-04-11,Machine_1_CityMall,"City Mall, Main Street",KitKat Chocolate,0,5,29,Saturday,April,
2026-04-11,Machine_1_CityMall,"City Mall, Main Street",Mineral Water 500ml,0,14,57,Saturday,April,
2026-04-12,Machine_1_CityMall,"City Mall, Main Street",Lays Classic Chips,0,6,13,Sunday,April,
2026-04-12,Machine_1_CityMall,"City Mall, Main Street",Kurkure Masala,0,5,30,Sunday,April,
2026-04-12,Machine_1_CityMall,"City Mall, Main Street",Pepsi 250ml,72,8,73,Sunday,April,Restocked
2026-04-12,Machine_1_CityMall,"City Mall, Main Street",Sprite 250ml,0,9,12,Sunday,April,
2026-04-12,Machine_1_CityMall,"City Mall, Main Street",KitKat Chocolate,0,5,24,Sunday,April,
2026-04-12,Machine_1_CityMall,"City Mall, Main Street",Mineral Water 500ml,0,12,45,Sunday,April,
2026-04-13,Machine_1_CityMall,"City Mall, Main Street",Lays Classic Chips,0,5,8,Monday,April,
2026-04-13,Machine_1_CityMall,"City Mall, Main Street",Kurkure Masala,0,4,26,Monday,April,
2026-04-13,Machine_1_CityMall,"City Mall, Main Street",Pepsi 250ml,0,9,64,Monday,April,
2026-04-13,Machine_1_CityMall,"City Mall, Main Street",Sprite 250ml,60,6,66,Monday,April,Restocked
2026-04-13,Machine_1_CityMall,"City Mall, Main Street",KitKat Chocolate,0,3,21,Monday,April,
2026-04-13,Machine_1_CityMall,"City Mall, Main Street",Mineral Water 500ml,0,10,35,Monday,April,
2026-04-14,Machine_1_CityMall,"City Mall, Main Street",Lays Classic Chips,60,5,63,Tuesday,April,Restocked
2026-04-14,Machine_1_CityMall,"City Mall, Main Street",Kurkure Masala,0,4,22,Tuesday,April,
2026-04-14,Machine_1_CityMall,"City Mall, Main Street",Pepsi 250ml,0,6,58,Tuesday,April,
2026-04-14,Machine_1_CityMall,"City Mall, Main Street",Sprite 250ml,0,6,60,Tuesday,April,
2026-04-14,Machine_1_CityMall,"City Mall, Main Street",KitKat Chocolate,0,4,17,Tuesday,April,
2026-04-14,Machine_1_CityMall,"City Mall, Main Street",Mineral Water 500ml,0,11,24,Tuesday,April,
2026-04-15,Machine_1_CityMall,"City Mall, Main Street",Lays Classic Chips,0,6,57,Wednesday,April,
2026-04-15,Machine_1_CityMall,"City Mall, Main Street",Kurkure Masala,0,4,18,Wednesday,April,
2026-04-15,Machine_1_CityMall,"City Mall, Main Street",Pepsi 250ml,0,6,52,Wednesday,April,
2026-04-15,Machine_1_CityMall,"City Mall, Main Street",Sprite 250ml,0,6,54,Wednesday,April,
2026-04-15,Machine_1_CityMall,"City Mall, Main Street",KitKat Chocolate,0,3,14,Wednesday,April,
2026-04-15,Machine_1_CityMall,"City Mall, Main Street",Mineral Water 500ml,0,10,14,Wednesday,April,
2026-04-16,Machine_1_CityMall,"City Mall, Main Street",Lays Classic Chips,0,4,53,Thursday,April,
2026-04-16,Machine_1_CityMall,"City Mall, Main Street",Kurkure Masala,0,5,13,Thursday,April,
2026-04-16,Machine_1_CityMall,"City Mall, Main Street",Pepsi 250ml,0,7,45,Thursday,April,
2026-04-16,Machine_1_CityMall,"City Mall, Main Street",Sprite 250ml,0,5,49,Thursday,April,
2026-04-16,Machine_1_CityMall,"City Mall, Main Street",KitKat Chocolate,0,3,11,Thursday,April,
2026-04-16,Machine_1_CityMall,"City Mall, Main Street",Mineral Water 500ml,80,7,87,Thursday,April,Restocked
2026-04-17,Machine_1_CityMall,"City Mall, Main Street",Lays Classic Chips,0,6,47,Friday,April,
2026-04-17,Machine_1_CityMall,"City Mall, Main Street",Kurkure Masala,0,4,9,Friday,April,
2026-04-17,Machine_1_CityMall,"City Mall, Main Street",Pepsi 250ml,0,6,39,Friday,April,
2026-04-17,Machine_1_CityMall,"City Mall, Main Street",Sprite 250ml,0,5,44,Friday,April,
2026-04-17,Machine_1_CityMall,"City Mall, Main Street",KitKat Chocolate,0,3,8,Friday,April,
2026-04-17,Machine_1_CityMall,"City Mall, Main Street",Mineral Water 500ml,0,11,76,Friday,April,
2026-04-18,Machine_1_CityMall,"City Mall, Main Street",Lays Classic Chips,0,6,41,Saturday,April,
2026-04-18,Machine_1_CityMall,"City Mall, Main Street",Kurkure Masala,50,5,54,Saturday,April,Restocked
2026-04-18,Machine_1_CityMall,"City Mall, Main Street",Pepsi 250ml,0,9,30,Saturday,April,
2026-04-18,Machine_1_CityMall,"City Mall, Main Street",Sprite 250ml,0,7,37,Saturday,April,
2026-04-18,Machine_1_CityMall,"City Mall, Main Street",KitKat Chocolate,40,3,45,Saturday,April,Restocked
2026-04-18,Machine_1_CityMall,"City Mall, Main Street",Mineral Water 500ml,0,12,64,Saturday,April,
2026-04-19,Machine_1_CityMall,"City Mall, Main Street",Lays Classic Chips,0,6,35,Sunday,April,
2026-04-19,Machine_1_CityMall,"City Mall, Main Street",Kurkure Masala,0,6,48,Sunday,April,
2026-04-19,Machine_1_CityMall,"City Mall, Main Street",Pepsi 250ml,0,11,19,Sunday,April,
2026-04-19,Machine_1_CityMall,"City Mall, Main Street",Sprite 250ml,0,8,29,Sunday,April,
2026-04-19,Machine_1_CityMall,"City Mall, Main Street",KitKat Chocolate,0,4,41,Sunday,April,
2026-04-19,Machine_1_CityMall,"City Mall, Main Street",Mineral Water 500ml,0,10,54,Sunday,April,
2026-04-20,Machine_1_CityMall,"City Mall, Main Street",Lays Classic Chips,0,7,28,Monday,April,
2026-04-20,Machine_1_CityMall,"City Mall, Main Street",Kurkure Masala,0,4,44,Monday,April,
2026-04-20,Machine_1_CityMall,"City Mall, Main Street",Pepsi 250ml,0,7,12,Monday,April,
2026-04-20,Machine_1_CityMall,"City Mall, Main Street",Sprite 250ml,0,6,23,Monday,April,
2026-04-20,Machine_1_CityMall,"City Mall, Main Street",KitKat Chocolate,0,3,38,Monday,April,
2026-04-20,Machine_1_CityMall,"City Mall, Main Street",Mineral Water 500ml,0,9,45,Monday,April,
2026-04-21,Machine_1_CityMall,"City Mall, Main Street",Lays Classic Chips,0,5,23,Tuesday,April,
2026-04-21,Machine_1_CityMall,"City Mall, Main Street",Kurkure Masala,0,4,40,Tuesday,April,
2026-04-21,Machine_1_CityMall,"City Mall, Main Street",Pepsi 250ml,72,7,77,Tuesday,April,Restocked
2026-04-21,Machine_1_CityMall,"City Mall, Main Street",Sprite 250ml,0,5,18,Tuesday,April,
2026-04-21,Machine_1_CityMall,"City Mall, Main Street",KitKat Chocolate,0,3,35,Tuesday,April,
2026-04-21,Machine_1_CityMall,"City Mall, Main Street",Mineral Water 500ml,0,9,36,Tuesday,April,
2026-04-22,Machine_1_CityMall,"City Mall, Main Street",Lays Classic Chips,0,5,18,Wednesday,April,
2026-04-22,Machine_1_CityMall,"City Mall, Main Street",Kurkure Masala,0,5,35,Wednesday,April,
2026-04-22,Machine_1_CityMall,"City Mall, Main Street",Pepsi 250ml,0,5,72,Wednesday,April,
2026-04-22,Machine_1_CityMall,"City Mall, Main Street",Sprite 250ml,0,7,11,Wednesday,April,
2026-04-22,Machine_1_CityMall,"City Mall, Main Street",KitKat Chocolate,0,4,31,Wednesday,April,
2026-04-22,Machine_1_CityMall,"City Mall, Main Street",Mineral Water 500ml,0,7,29,Wednesday,April,
2026-04-23,Machine_1_CityMall,"City Mall, Main Street",Lays Classic Chips,0,5,13,Thursday,April,
2026-04-23,Machine_1_CityMall,"City Mall, Main Street",Kurkure Masala,0,4,31,Thursday,April,
2026-04-23,Machine_1_CityMall,"City Mall, Main Street",Pepsi 250ml,0,6,66,Thursday,April,
2026-04-23,Machine_1_CityMall,"City Mall, Main Street",Sprite 250ml,60,5,66,Thursday,April,Restocked
2026-04-23,Machine_1_CityMall,"City Mall, Main Street",KitKat Chocolate,0,3,28,Thursday,April,
2026-04-23,Machine_1_CityMall,"City Mall, Main Street",Mineral Water 500ml,0,11,18,Thursday,April,
2026-04-24,Machine_1_CityMall,"City Mall, Main Street",Lays Classic Chips,0,6,7,Friday,April,
2026-04-24,Machine_1_CityMall,"City Mall, Main Street",Kurkure Masala,0,5,26,Friday,April,
2026-04-24,Machine_1_CityMall,"City Mall, Main Street",Pepsi 250ml,0,8,58,Friday,April,
2026-04-24,Machine_1_CityMall,"City Mall, Main Street",Sprite 250ml,0,5,61,Friday,April,
2026-04-24,Machine_1_CityMall,"City Mall, Main Street",KitKat Chocolate,0,3,25,Friday,April,
2026-04-24,Machine_1_CityMall,"City Mall, Main Street",Mineral Water 500ml,80,10,88,Friday,April,Restocked
2026-04-25,Machine_1_CityMall,"City Mall, Main Street",Lays Classic Chips,60,6,61,Saturday,April,Restocked
2026-04-25,Machine_1_CityMall,"City Mall, Main Street",Kurkure Masala,0,6,20,Saturday,April,
2026-04-25,Machine_1_CityMall,"City Mall, Main Street",Pepsi 250ml,0,9,49,Saturday,April,
2026-04-25,Machine_1_CityMall,"City Mall, Main Street",Sprite 250ml,0,7,54,Saturday,April,
2026-04-25,Machine_1_CityMall,"City Mall, Main Street",KitKat Chocolate,0,5,20,Saturday,April,
2026-04-25,Machine_1_CityMall,"City Mall, Main Street",Mineral Water 500ml,0,12,76,Saturday,April,
2026-04-26,Machine_1_CityMall,"City Mall, Main Street",Lays Classic Chips,0,6,55,Sunday,April,
2026-04-26,Machine_1_CityMall,"City Mall, Main Street",Kurkure Masala,0,6,14,Sunday,April,
2026-04-26,Machine_1_CityMall,"City Mall, Main Street",Pepsi 250ml,0,8,41,Sunday,April,
2026-04-26,Machine_1_CityMall,"City Mall, Main Street",Sprite 250ml,0,8,46,Sunday,April,
2026-04-26,Machine_1_CityMall,"City Mall, Main Street",KitKat Chocolate,0,5,15,Sunday,April,
2026-04-26,Machine_1_CityMall,"City Mall, Main Street",Mineral Water 500ml,0,11,65,Sunday,April,
2026-04-27,Machine_1_CityMall,"City Mall, Main Street",Lays Classic Chips,0,5,50,Monday,April,
2026-04-27,Machine_1_CityMall,"City Mall, Main Street",Kurkure Masala,0,4,10,Monday,April,
2026-04-27,Machine_1_CityMall,"City Mall, Main Street",Pepsi 250ml,0,8,33,Monday,April,
2026-04-27,Machine_1_CityMall,"City Mall, Main Street",Sprite 250ml,0,6,40,Monday,April,
2026-04-27,Machine_1_CityMall,"City Mall, Main Street",KitKat Chocolate,0,3,12,Monday,April,
2026-04-27,Machine_1_CityMall,"City Mall, Main Street",Mineral Water 500ml,0,10,55,Monday,April,
2026-04-28,Machine_1_CityMall,"City Mall, Main Street",Lays Classic Chips,0,5,45,Tuesday,April,
2026-04-28,Machine_1_CityMall,"City Mall, Main Street",Kurkure Masala,0,3,7,Tuesday,April,
2026-04-28,Machine_1_CityMall,"City Mall, Main Street",Pepsi 250ml,0,6,27,Tuesday,April,
2026-04-28,Machine_1_CityMall,"City Mall, Main Street",Sprite 250ml,0,6,34,Tuesday,April,
2026-04-28,Machine_1_CityMall,"City Mall, Main Street",KitKat Chocolate,0,3,9,Tuesday,April,
2026-04-28,Machine_1_CityMall,"City Mall, Main Street",Mineral Water 500ml,0,11,44,Tuesday,April,
2026-04-29,Machine_1_CityMall,"City Mall, Main Street",Lays Classic Chips,0,4,41,Wednesday,April,
2026-04-29,Machine_1_CityMall,"City Mall, Main Street",Kurkure Masala,50,5,52,Wednesday,April,Restocked
2026-04-29,Machine_1_CityMall,"City Mall, Main Street",Pepsi 250ml,0,7,20,Wednesday,April,
2026-04-29,Machine_1_CityMall,"City Mall, Main Street",Sprite 250ml,0,6,28,Wednesday,April,
2026-04-29,Machine_1_CityMall,"City Mall, Main Street",KitKat Chocolate,0,3,6,Wednesday,April,
2026-04-29,Machine_1_CityMall,"City Mall, Main Street",Mineral Water 500ml,0,9,35,Wednesday,April,
2026-04-30,Machine_1_CityMall,"City Mall, Main Street",Lays Classic Chips,0,5,36,Thursday,April,
2026-04-30,Machine_1_CityMall,"City Mall, Main Street",Kurkure Masala,0,5,47,Thursday,April,
2026-04-30,Machine_1_CityMall,"City Mall, Main Street",Pepsi 250ml,0,7,13,Thursday,April,
2026-04-30,Machine_1_CityMall,"City Mall, Main Street",Sprite 250ml,0,6,22,Thursday,April,
2026-04-30,Machine_1_CityMall,"City Mall, Main Street",KitKat Chocolate,40,3,43,Thursday,April,Restocked
2026-04-30,Machine_1_CityMall,"City Mall, Main Street",Mineral Water 500ml,0,9,26,Thursday,April,
